型号,品牌,售价,评论数,标题特征词,内存(G),储存(G),独立显卡,显存,容量(GB),价格定位,档位档次,市场标签
华为MateBook Fold 非凡大师,华为,26999.0,2100,鸿蒙操作系统,32,2048,无,无,,高端,高端,品牌溢价款
华为MateBook Fold 非凡大师,华为,23999.0,2100,鸿蒙操作系统,32,1024,无,无,,高端,高端,品牌溢价款
YOGA Pro 16 Aura AI元启版,联想,9999.0,5400,AI 酷睿Ultra RTX50系,32,1024,5060,8GB GDDR7,,常规,中端,正常
YOGA Pro 16 Aura AI元启版,联想,10999.0,5400,AI 酷睿Ultra RTX50系,32,1024,5070,12GB GDDR7,,常规,中端,正常
YOGA Pro 16 Aura AI元启版,联想,18999.0,5400,AI 酷睿Ultra RTX50系,64,2048,5070,12GB GDDR7,,高端,高端,正常
ThinkPad X1 Carbon Aura AI元启,联想,13405.0,20000,AI 酷睿Ultra,32,1024,无,无,,常规,中端,正常
ThinkPad X1 Carbon Aura AI元启,联想,14038.0,20000,AI 酷睿Ultra,32,2048,无,无,,常规,中端,正常
ThinkPad X1 Carbon Aura AI元启,联想,15095.0,20000,AI 酷睿Ultra,32,4096,无,无,,高端,高端,正常
微星 绝影18 AI ,微星,22499.0,100,AI 酷睿Ultra RTX50系,32,2048,5070,12GB GDDR7,,高端,高端,正常
微星 绝影18 AI ,微星,29999.0,100,AI 酷睿Ultra RTX50系,64,2048,5080,16GB GDDR7,,高端,高端,正常
微星 绝影18 AI ,微星,34999.0,100,AI 酷睿Ultra RTX50系,64,2048,5090,24GB GDDR7,,高端,高端,正常
微星 绝影18 AI 锐龙版,微星,35999.0,100,AI 锐龙9 RTX50系,64,2048,5090,24GB GDDR7,,高端,高端,正常
微星 绝影16 AI 锐龙版,微星,19499.0,100,AI 锐龙9 RTX50系,32,2048,5070,12GB GDDR7,,高端,高端,正常
MacBook Pro 14,苹果,14499.0,20000,M5处理器,16,1024,无,无,,常规,中端,品牌溢价款
MacBook Pro 14,苹果,15499.0,20000,M5处理器,24,1024,无,无,,高端,中端,品牌溢价款
MacBook Pro 14,苹果,17499.0,20000,M5处理器,16,2048,无,无,,高端,中端,品牌溢价款
MacBook Pro 14,苹果,21999.0,20000,M5处理器,16,4096,无,无,,高端,中端,品牌溢价款
MacBook Pro 14,苹果,14499.0,20000,M5处理器,24,512,无,无,,常规,中端,品牌溢价款
MacBook Pro 14,苹果,18999.0,20000,M5处理器,24,2048,无,无,,高端,中端,品牌溢价款
MacBook Pro 14,苹果,23499.0,20000,M5处理器,24,4096,无,无,,高端,中端,品牌溢价款
MacBook Pro 14,苹果,15999.0,20000,M5处理器,32,512,无,无,,高端,高端,品牌溢价款
MacBook Pro 14,苹果,17499.0,20000,M5处理器,32,1024,无,无,,高端,高端,品牌溢价款
MacBook Pro 14,苹果,20499.0,20000,M5处理器,32,2048,无,无,,高端,高端,品牌溢价款
MacBook Pro 14,苹果,24999.0,20000,M5处理器,32,4096,无,无,,高端,高端,品牌溢价款
华硕ProArt创16,华硕,30499.0,2000,AMD锐龙AI9 RTX50系,64,4096,5090,24GB GDDR7,,高端,高端,正常
华硕ProArt创16,华硕,27499.0,2000,AMD锐龙AI9 RTX50系,64,4096,5080,16GB GDDR7,,高端,高端,正常
华硕ProArt创16,华硕,16999.0,2000,AMD锐龙AI9 RTX50系,64,2048,5060,8GB GDDR7,,高端,高端,正常
华硕ProArt创16,华硕,18499.0,2000,AMD锐龙AI9 RTX50系,64,2048,5070,12GB GDDR7,,高端,高端,正常
ThinkPadX1 2in1 AI Aura 元启版,联想,17499.0,100,AI 酷睿Ultra,32,1024,无,无,,高端,高端,正常
ThinkPadX1 2in1 AI Aura 元启版,联想,18999.0,100,AI 酷睿Ultra,32,2048,无,无,,高端,高端,正常
华硕灵耀14 ,华硕,7999.0,20000,AI 酷睿Ultra,32,1024,无,无,,常规,入门级,其他
联想（Lenovo）拯救者Y9000P,联想,34499.0,500,AI 酷睿Ultra RTX50系,64,2048,5090,24GB GDDR7,,高端,高端,正常
联想（Lenovo）拯救者Y9000P,联想,14499.0,500,AI 酷睿Ultra RTX50系,64,2048,5060,8GB GDDR7,,常规,中端,正常
联想（Lenovo）拯救者Y9000P,联想,11299.0,500,AI 酷睿Ultra RTX50系,32,1024,5060,8GB GDDR7,,常规,中端,正常
联想（Lenovo）拯救者Y9000P,联想,13399.0,500,AI 酷睿Ultra RTX50系,32,1024,5070,12GB GDDR7,,常规,中端,正常
联想（Lenovo）拯救者Y9000P,联想,16199.0,500,AI 酷睿Ultra RTX50系,64,1024,5070,12GB GDDR7,,高端,高端,正常
联想（Lenovo）拯救者Y9000P,联想,19999.0,500,AI 酷睿Ultra RTX50系,32,1024,5080,16GB GDDR7,,高端,高端,正常
联想（Lenovo）拯救者Y9000P,联想,36499.0,500,AI 酷睿Ultra RTX50系,64,4096,5090,24GB GDDR7,,高端,高端,正常
联想（Lenovo）拯救者Y9000P,联想,24199.0,500,AI 酷睿Ultra RTX50系,64,2048,5080,16GB GDDR7,,高端,高端,正常
华为笔记本电脑MateBook XPro ,华为,13699.0,100,酷睿Ultra,32,1024,无,无,,常规,中端,品牌溢价款
微星（MSI）泰坦18 Ultra AI2025,微星,44999.0,200,AI 酷睿Ultra RTX50系,64,6144,5090,24GB GDDR7,,高端,高端,正常
微星（MSI）泰坦18 Ultra AI2025,微星,36999.0,200,AI 酷睿Ultra RTX50系,64,6144,5080,16GB GDDR7,,高端,高端,正常
微星（MSI）尊爵16,微星,8999.0,57, AI  Evo,32,1024,无,无,,常规,中端,正常
ROG枪神9plus超竞版,华硕,32598.0,100,酷睿Ultra RTX50系,64,2048,5090,24GB GDDR7,,高端,高端,正常
ROG枪神9plus超竞版,华硕,32298.0,100,酷睿Ultra RTX50系,64,3072,5090,24GB GDDR7,,高端,高端,正常
ROG枪神9plus超竞版,华硕,30998.0,100,酷睿Ultra RTX50系,64,2048,5090,24GB GDDR7,,高端,高端,正常
ROG枪神9plus超竞版,华硕,,100,酷睿Ultra RTX50系,64,2048,5080,16GB GDDR7,,常规,入门级,其他
ROG枪神9plus超竞版,华硕,22998.0,100,酷睿Ultra RTX50系,32,1024,5080,16GB GDDR7,,高端,高端,正常
ROG枪神9plus超竞版,华硕,29795.0,100,酷睿Ultra RTX50系,64,4096,5080,16GB GDDR7,,高端,高端,正常
ROG枪神9plus超竞版,华硕,25997.0,100,酷睿Ultra RTX50系,32,4096,5080,16GB GDDR7,,高端,高端,正常
ROG枪神9plus超竞版,华硕,28696.0,100,酷睿Ultra RTX50系,64,3072,5080,16GB GDDR7,,高端,高端,正常
ROG枪神9plus超竞版,华硕,,100,酷睿Ultra RTX50系,32,3072,5080,16GB GDDR7,,常规,入门级,其他
ROG枪神9plus超竞版,华硕,28096.0,100,酷睿Ultra RTX50系,64,2048,5080,16GB GDDR7,,高端,高端,正常
ROG枪神9plus超竞版,华硕,26798.0,100,酷睿Ultra RTX50系,32,1024,5090,24GB GDDR7,,高端,高端,正常
惠普暗影精灵MAX ,惠普,20299.0,200,AI 酷睿Ultra RTX50系,64,3072,5080,16GB GDDR7,,高端,高端,正常
惠普暗影精灵MAX ,惠普,18499.0,200,AI 酷睿Ultra RTX50系,32,1024,5080,16GB GDDR7,,高端,高端,正常
惠普暗影精灵MAX ,惠普,14499.0,200,AI 酷睿Ultra RTX50系,32,1024,5070,12GB GDDR7,,常规,中端,正常
惠普暗影精灵MAX ,惠普,9499.0,200,AI 酷睿Ultra RTX50系,32,1024,5060,8GB GDDR7,,常规,中端,正常
惠普暗影精灵MAX ,惠普,23499.0,200,AI 酷睿Ultra RTX50系,32,1024,5090,24GB GDDR7,,高端,高端,正常
戴尔 XPS 16 Premium  ,戴尔,31699.0,100,AI 酷睿Ultra RTX50系,64,2048,5070,12GB GDDR7,,高端,高端,正常
戴尔 XPS 16 Premium  ,戴尔,27399.0,100,AI 酷睿Ultra RTX50系,32,1024,5070,12GB GDDR7,,高端,高端,正常
戴尔 XPS 16 Premium  ,戴尔,24399.0,100,AI 酷睿Ultra RTX50系,32,1024,5060,8GB GDDR7,,高端,高端,正常
戴尔 外星人星舰16X ,戴尔,20599.0,2000,AI 酷睿Ultra RTX50系,64,4096,5070,12GB GDDR7,,高端,高端,正常
戴尔 外星人星舰16X ,戴尔,16899.0,2000,AI 酷睿Ultra RTX50系,32,1024,5070,12GB GDDR7,,高端,高端,正常
戴尔 外星人星舰16X ,戴尔,13499.0,2000,AI 酷睿Ultra RTX50系,32,1024,5060,8GB GDDR7,,常规,中端,正常
戴尔 外星人星舰16X ,戴尔,15099.0,2000,AI 酷睿Ultra RTX50系,64,2048,5060,8GB GDDR7,,高端,高端,正常
戴尔 外星人星舰16X ,戴尔,16699.0,2000,AI 酷睿Ultra RTX50系,64,4096,5060,8GB GDDR7,,高端,高端,正常
联想拯救者Y9000X,联想,10299.0,50000,酷睿i9 RTX40系 P图设计专业电竞游戏,32,1024,4060,8GB GDDR6,,常规,中端,正常
联想拯救者Y9000X,联想,11299.0,50000,酷睿i9 RTX40系 P图设计专业电竞游戏,32,2048,4060,8GB GDDR6,,常规,中端,正常
微星（MSI）魔影16,微星,13999.0,1000,RTX40系 电竞本学生电脑,32,1024,4060,8GB GDDR6,,常规,中端,正常
荣耀MagicBook Pro 16,荣耀,6544.0,20000,AI 酷睿UltraT RTX40系,24,1024,4060,8GB GDDR6,,常规,入门级,其他
ROG玩家国度枪神8P,华硕,17000.0,44,酷睿i9 RTX40系 ,32,1024,4090,16GB GDDR6,,高端,高端,正常
ROG玩家国度枪神8P,华硕,13500.0,44,酷睿i9 RTX40系 ,32,1024,4080,12GB GDDR6,,常规,中端,正常
魔霸7Plus超能版,华硕,13968.0,0,酷睿i9 RTX40系 ,32,1024,4090,16GB GDDR6,,常规,中端,正常
惠普（HP）战99,惠普,8799.0,20000,AI 酷睿Ultra,32,1024,无,无,,常规,中端,正常
惠普（HP）战99,惠普,10099.0,20000,AI 酷睿Ultra,64,1024,无,无,,常规,中端,正常
惠普（HP）战99,惠普,13099.0,20000,AI 酷睿Ultra,64,2048,无,无,,常规,中端,正常
华硕（ASUS）天选6pro,华硕,6920.0,1000,酷睿i9 RTX40系 ,16,1024,4060,8GB GDDR6,,常规,入门级,其他
华硕（ASUS）天选6pro,华硕,6820.0,1000,AMDR9 RTX40系 ,16,1024,4070,10GB GDDR6,,常规,入门级,其他
机械师曙光16Pro,机械师,6999.0,2000,酷睿i9 RTX40系 ,16,1024,4060,8GB GDDR6,,常规,入门级,其他
机械师曙光16Pro,机械师,7999.0,2000,酷睿i9 RTX40系 ,16,1024,4060,8GB GDDR6,,常规,入门级,其他
华硕天选5Pro,华硕,6999.0,200,酷睿i9 RTX40系 学生,16,1024,4070,10GB GDDR6,,常规,入门级,其他
华硕天选5Pro,华硕,6765.0,200,酷睿i9 RTX40系 学生,16,1024,4060,8GB GDDR6,,常规,入门级,其他
联想拯救者Y7000P,联想,6668.0,500,电竞 游戏,16,1024,4060,8GB GDDR6,,常规,入门级,其他
华硕枪神7,华硕,9688.0,44,酷睿i9 RTX40系 ,16,1024,4080,12GB GDDR6,,常规,中端,其他
雷神 ZERO,雷神,14499.0,5000,AI编程设计学生酷睿i9 RTX40系 学生,32,1024,4090,16GB GDDR6,,常规,中端,正常
外星人m18R2,戴尔,18799.0,0,酷睿i9 RTX40系 ,32,1024,4090,16GB GDDR6,,高端,高端,正常
ROG魔霸7P,华硕,9250.0,0,酷睿i9 RTX40系 ,16,1024,4080,12GB GDDR6,,常规,中端,其他
华硕无畏16,华硕,4674.0,5000,酷睿i9 ,16,1024,无,无,,常规,入门级,其他
惠普（HP）暗影精灵11,华硕,8998.0,50000,酷睿i9 RTX50系 ,32,1024,5070,12GB GDDR7,,常规,中端,正常
惠普（HP）暗影精灵11,华硕,8243.3,50000,酷睿i9 RTX50系 ,32,1024,5060,8GB GDDR7,,常规,中端,正常
外星人（Alienware） 笔记本 x14,戴尔,9260.0,0,无,32,1024,4080,12GB GDDR6,,常规,中端,正常
华硕枪神7,华硕,10338.0,44,酷睿i9 RTX40系 ,32,1024,4080,12GB GDDR6,,常规,中端,正常
华硕枪神8Plus超竞版,华硕,11498.0,44,酷睿i9 RTX40系 ,16,1024,4080,12GB GDDR6,,常规,中端,其他
